{"cameraMode":{"drawMode":0,"name":"Shaded","section":"Shading Mode"},"sceneLighting":false,"audioPlay":false,"sceneViewState":{"showFog":true,"showMaterialUpdate":false,"showSkybox":false,"showFlares":true,"showImageEffects":true,"showParticleSystems":true},"in2DMode":false,"pivot":{"x":-1.1308465003967286,"y":-1.041524887084961,"z":0.7029629945755005},"rotation":{"x":-0.0008385267574340105,"y":0.7170005440711975,"z":-0.6970788836479187,"w":-0.0008569984347559512},"size":22.0,"orthographic":false}